2018/11/1-05:01,tiel,jkre,05:01,05:05
2018/11/1-05:05,wfer,referf,05:05,05:05
2018/11/1-3:3,fdgfdg,lkjlkj,03:03,03:04
2018/11/1-3:5,frgrh,kjkj,03:05,05:05
2018/11/12-03:02,fdgdf,kljlk;j;l,03:02,05:04
2018/11/30-12:36,Test1,Description1,00:23,12:31
2018/11/30-12:37,Test2,Description2,01:23,13:31
2018/11/30-12:39,Test4,Description4,03:23,15:31
2018/11/30-12:40,Test5,Description5,04:23,16:31
2018/11/30-12:41,Test6,Description6,05:23,17:31
2018/11/30-12:42,Test11,Description11,10:23,22:31
2018/11/30-12:43,Test12,Description12,11:23,23:31
2018/11/30-12:44,Test13,Description13,12:23,00:31
2018/11/30-12:45,Test7,Description7,06:23,18:31
2018/11/30-12:46,Test8,Description8,07:23,19:31
2018/11/30-12:47,Test9,Description9,08:23,20:31
2018/11/30-12:48,Test10,Description10,09:23,21:31
2018/11/31-12:38,Test3,Description3,02:23,14:31
2018/12/12-12:18,hola,adios,12:18,23:25
2018/12/14-03:01,he,wrew,03:01,04:00
2018/12/19-06:03,Bebe es tonto,Y muy guapa,06:03,04:01
